portal_run_id,bucket,prefix
5025091002d1f664,project-data-X1111111111Y-us-southeast-9,byob-icav2/project-name/analysis/oncoanalyser-wgts-dna/5025091002d1f664/
502509100539df0e,project-data-X1111111111Y-us-southeast-9,byob-icav2/project-name/analysis/oncoanalyser-wgts-dna/502509100539df0e/
5025091008f46baf,project-data-X1111111111Y-us-southeast-9,byob-icav2/project-name/analysis/oncoanalyser-wgts-dna/5025091008f46baf/
502509100f5f7051,project-data-X1111111111Y-us-southeast-9,byob-icav2/project-name/analysis/oncoanalyser-wgts-dna/502509100f5f7051/
50250910117c3950,project-data-X1111111111Y-us-southeast-9,byob-icav2/project-name/analysis/oncoanalyser-wgts-dna/50250910117c3950/
502509102597e9d6,project-data-X1111111111Y-us-southeast-9,byob-icav2/project-name/analysis/oncoanalyser-wgts-dna/502509102597e9d6/
5025091027c704fe,project-data-X1111111111Y-us-southeast-9,byob-icav2/project-name/analysis/oncoanalyser-wgts-dna/5025091027c704fe/
5025091030faf837,project-data-X1111111111Y-us-southeast-9,byob-icav2/project-name/analysis/oncoanalyser-wgts-dna/5025091030faf837/
502509103360ecd6,project-data-X1111111111Y-us-southeast-9,byob-icav2/project-name/analysis/oncoanalyser-wgts-dna/502509103360ecd6/
5025091037446890,project-data-X1111111111Y-us-southeast-9,byob-icav2/project-name/analysis/oncoanalyser-wgts-dna/5025091037446890/
502509103a0917ef,project-data-X1111111111Y-us-southeast-9,byob-icav2/project-name/analysis/oncoanalyser-wgts-dna/502509103a0917ef/
502509103b4944d6,project-data-X1111111111Y-us-southeast-9,byob-icav2/project-name/analysis/oncoanalyser-wgts-dna/502509103b4944d6/
502509103c7b1a3b,project-data-X1111111111Y-us-southeast-9,byob-icav2/project-name/analysis/oncoanalyser-wgts-dna/502509103c7b1a3b/
502509103e514a1c,project-data-X1111111111Y-us-southeast-9,byob-icav2/project-name/analysis/oncoanalyser-wgts-dna/502509103e514a1c/
50250910410b2e4a,project-data-X1111111111Y-us-southeast-9,byob-icav2/project-name/analysis/oncoanalyser-wgts-dna/50250910410b2e4a/
502509104d210311,project-data-X1111111111Y-us-southeast-9,byob-icav2/project-name/analysis/oncoanalyser-wgts-dna/502509104d210311/
5025091052e970c2,project-data-X1111111111Y-us-southeast-9,byob-icav2/project-name/analysis/oncoanalyser-wgts-dna/5025091052e970c2/
502509106675981b,project-data-X1111111111Y-us-southeast-9,byob-icav2/project-name/analysis/oncoanalyser-wgts-dna/502509106675981b/
502509106cfb2d3c,project-data-X1111111111Y-us-southeast-9,byob-icav2/project-name/analysis/oncoanalyser-wgts-dna/502509106cfb2d3c/
502509106e0184ab,project-data-X1111111111Y-us-southeast-9,byob-icav2/project-name/analysis/oncoanalyser-wgts-dna/502509106e0184ab/
5025091070c6deeb,project-data-X1111111111Y-us-southeast-9,byob-icav2/project-name/analysis/oncoanalyser-wgts-dna/5025091070c6deeb/
502509107df2eacc,project-data-X1111111111Y-us-southeast-9,byob-icav2/project-name/analysis/oncoanalyser-wgts-dna/502509107df2eacc/
5025091084ea66a2,project-data-X1111111111Y-us-southeast-9,byob-icav2/project-name/analysis/oncoanalyser-wgts-dna/5025091084ea66a2/
5025091088c1f4cf,project-data-X1111111111Y-us-southeast-9,byob-icav2/project-name/analysis/oncoanalyser-wgts-dna/5025091088c1f4cf/
502509108edb21f8,project-data-X1111111111Y-us-southeast-9,byob-icav2/project-name/analysis/oncoanalyser-wgts-dna/502509108edb21f8/
5025091090003861,project-data-X1111111111Y-us-southeast-9,byob-icav2/project-name/analysis/oncoanalyser-wgts-dna/5025091090003861/
5025091095e30977,project-data-X1111111111Y-us-southeast-9,byob-icav2/project-name/analysis/oncoanalyser-wgts-dna/5025091095e30977/
5025091098bbd78e,project-data-X1111111111Y-us-southeast-9,byob-icav2/project-name/analysis/oncoanalyser-wgts-dna/5025091098bbd78e/
50250910a1bd15fe,project-data-X1111111111Y-us-southeast-9,byob-icav2/project-name/analysis/oncoanalyser-wgts-dna/50250910a1bd15fe/
50250910a92af94f,project-data-X1111111111Y-us-southeast-9,byob-icav2/project-name/analysis/oncoanalyser-wgts-dna/50250910a92af94f/
50250910acc872ce,project-data-X1111111111Y-us-southeast-9,byob-icav2/project-name/analysis/oncoanalyser-wgts-dna/50250910acc872ce/
50250910b186a805,project-data-X1111111111Y-us-southeast-9,byob-icav2/project-name/analysis/oncoanalyser-wgts-dna/50250910b186a805/
50250910b5c49068,project-data-X1111111111Y-us-southeast-9,byob-icav2/project-name/analysis/oncoanalyser-wgts-dna/50250910b5c49068/
50250910b8324300,project-data-X1111111111Y-us-southeast-9,byob-icav2/project-name/analysis/oncoanalyser-wgts-dna/50250910b8324300/
50250910bb543e4c,project-data-X1111111111Y-us-southeast-9,byob-icav2/project-name/analysis/oncoanalyser-wgts-dna/50250910bb543e4c/
50250910bd7802a2,project-data-X1111111111Y-us-southeast-9,byob-icav2/project-name/analysis/oncoanalyser-wgts-dna/50250910bd7802a2/
50250910c6923fd7,project-data-X1111111111Y-us-southeast-9,byob-icav2/project-name/analysis/oncoanalyser-wgts-dna/50250910c6923fd7/
50250910d5123c69,project-data-X1111111111Y-us-southeast-9,byob-icav2/project-name/analysis/oncoanalyser-wgts-dna/50250910d5123c69/
50250910d68e6794,project-data-X1111111111Y-us-southeast-9,byob-icav2/project-name/analysis/oncoanalyser-wgts-dna/50250910d68e6794/
50250910ec833cdb,project-data-X1111111111Y-us-southeast-9,byob-icav2/project-name/analysis/oncoanalyser-wgts-dna/50250910ec833cdb/
50250910ff9c3005,project-data-X1111111111Y-us-southeast-9,byob-icav2/project-name/analysis/oncoanalyser-wgts-dna/50250910ff9c3005/
502509110036e0ff,project-data-X1111111111Y-us-southeast-9,byob-icav2/project-name/analysis/oncoanalyser-wgts-dna/502509110036e0ff/
5025091119daf4b5,project-data-X1111111111Y-us-southeast-9,byob-icav2/project-name/analysis/oncoanalyser-wgts-dna/5025091119daf4b5/
502509112014a569,project-data-X1111111111Y-us-southeast-9,byob-icav2/project-name/analysis/oncoanalyser-wgts-dna/502509112014a569/
50250911256c51b2,project-data-X1111111111Y-us-southeast-9,byob-icav2/project-name/analysis/oncoanalyser-wgts-dna/50250911256c51b2/
5025091128ffb34e,project-data-X1111111111Y-us-southeast-9,byob-icav2/project-name/analysis/oncoanalyser-wgts-dna/5025091128ffb34e/
5025091140a566fb,project-data-X1111111111Y-us-southeast-9,byob-icav2/project-name/analysis/oncoanalyser-wgts-dna/5025091140a566fb/
502509114491c731,project-data-X1111111111Y-us-southeast-9,byob-icav2/project-name/analysis/oncoanalyser-wgts-dna/502509114491c731/
50250911550e8d17,project-data-X1111111111Y-us-southeast-9,byob-icav2/project-name/analysis/oncoanalyser-wgts-dna/50250911550e8d17/
5025091164523ed4,project-data-X1111111111Y-us-southeast-9,byob-icav2/project-name/analysis/oncoanalyser-wgts-dna/5025091164523ed4/
502509116548d906,project-data-X1111111111Y-us-southeast-9,byob-icav2/project-name/analysis/oncoanalyser-wgts-dna/502509116548d906/
5025091173a55ee8,project-data-X1111111111Y-us-southeast-9,byob-icav2/project-name/analysis/oncoanalyser-wgts-dna/5025091173a55ee8/
5025091174058064,project-data-X1111111111Y-us-southeast-9,byob-icav2/project-name/analysis/oncoanalyser-wgts-dna/5025091174058064/
5025091176b237f7,project-data-X1111111111Y-us-southeast-9,byob-icav2/project-name/analysis/oncoanalyser-wgts-dna/5025091176b237f7/
5025091179035e70,project-data-X1111111111Y-us-southeast-9,byob-icav2/project-name/analysis/oncoanalyser-wgts-dna/5025091179035e70/
502509117d81c101,project-data-X1111111111Y-us-southeast-9,byob-icav2/project-name/analysis/oncoanalyser-wgts-dna/502509117d81c101/
502509118351b300,project-data-X1111111111Y-us-southeast-9,byob-icav2/project-name/analysis/oncoanalyser-wgts-dna/502509118351b300/
50250911981caabc,project-data-X1111111111Y-us-southeast-9,byob-icav2/project-name/analysis/oncoanalyser-wgts-dna/50250911981caabc/
50250911aae07edb,project-data-X1111111111Y-us-southeast-9,byob-icav2/project-name/analysis/oncoanalyser-wgts-dna/50250911aae07edb/
50250911b102dd5d,project-data-X1111111111Y-us-southeast-9,byob-icav2/project-name/analysis/oncoanalyser-wgts-dna/50250911b102dd5d/
50250911c39d9c46,project-data-X1111111111Y-us-southeast-9,byob-icav2/project-name/analysis/oncoanalyser-wgts-dna/50250911c39d9c46/
50250911d04e59f6,project-data-X1111111111Y-us-southeast-9,byob-icav2/project-name/analysis/oncoanalyser-wgts-dna/50250911d04e59f6/
50250911d5c76874,project-data-X1111111111Y-us-southeast-9,byob-icav2/project-name/analysis/oncoanalyser-wgts-dna/50250911d5c76874/
50250911d789f936,project-data-X1111111111Y-us-southeast-9,byob-icav2/project-name/analysis/oncoanalyser-wgts-dna/50250911d789f936/
50250911dbae1942,project-data-X1111111111Y-us-southeast-9,byob-icav2/project-name/analysis/oncoanalyser-wgts-dna/50250911dbae1942/
50250911dc67e4ef,project-data-X1111111111Y-us-southeast-9,byob-icav2/project-name/analysis/oncoanalyser-wgts-dna/50250911dc67e4ef/
50250911e389080c,project-data-X1111111111Y-us-southeast-9,byob-icav2/project-name/analysis/oncoanalyser-wgts-dna/50250911e389080c/
50250911e7c8507e,project-data-X1111111111Y-us-southeast-9,byob-icav2/project-name/analysis/oncoanalyser-wgts-dna/50250911e7c8507e/
50250911eb4a58b6,project-data-X1111111111Y-us-southeast-9,byob-icav2/project-name/analysis/oncoanalyser-wgts-dna/50250911eb4a58b6/
50250911ee214c35,project-data-X1111111111Y-us-southeast-9,byob-icav2/project-name/analysis/oncoanalyser-wgts-dna/50250911ee214c35/
50250911f094f37b,project-data-X1111111111Y-us-southeast-9,byob-icav2/project-name/analysis/oncoanalyser-wgts-dna/50250911f094f37b/
50250911f5c702df,project-data-X1111111111Y-us-southeast-9,byob-icav2/project-name/analysis/oncoanalyser-wgts-dna/50250911f5c702df/
5025091212c2d6d9,project-data-X1111111111Y-us-southeast-9,byob-icav2/project-name/analysis/oncoanalyser-wgts-dna/5025091212c2d6d9/
502509126c8f95dc,project-data-X1111111111Y-us-southeast-9,byob-icav2/project-name/analysis/oncoanalyser-wgts-dna/502509126c8f95dc/
502509127e1e725b,project-data-X1111111111Y-us-southeast-9,byob-icav2/project-name/analysis/oncoanalyser-wgts-dna/502509127e1e725b/
5025091287307208,project-data-X1111111111Y-us-southeast-9,byob-icav2/project-name/analysis/oncoanalyser-wgts-dna/5025091287307208/
50250912dc85f014,project-data-X1111111111Y-us-southeast-9,byob-icav2/project-name/analysis/oncoanalyser-wgts-dna/50250912dc85f014/
50250914430fbf52,project-data-X1111111111Y-us-southeast-9,byob-icav2/project-name/analysis/oncoanalyser-wgts-dna/50250914430fbf52/
502509144b314793,project-data-X1111111111Y-us-southeast-9,byob-icav2/project-name/analysis/oncoanalyser-wgts-dna/502509144b314793/
502509146e384e6c,project-data-X1111111111Y-us-southeast-9,byob-icav2/project-name/analysis/oncoanalyser-wgts-dna/502509146e384e6c/
50250914cf29419e,project-data-X1111111111Y-us-southeast-9,byob-icav2/project-name/analysis/oncoanalyser-wgts-dna/50250914cf29419e/
50250914f11aa851,project-data-X1111111111Y-us-southeast-9,byob-icav2/project-name/analysis/oncoanalyser-wgts-dna/50250914f11aa851/
502509154540f6b8,project-data-X1111111111Y-us-southeast-9,byob-icav2/project-name/analysis/oncoanalyser-wgts-dna/502509154540f6b8/
50250915daab2860,project-data-X1111111111Y-us-southeast-9,byob-icav2/project-name/analysis/oncoanalyser-wgts-dna/50250915daab2860/
50250916044e313a,project-data-X1111111111Y-us-southeast-9,byob-icav2/project-name/analysis/oncoanalyser-wgts-dna/50250916044e313a/
502509160d0eecf1,project-data-X1111111111Y-us-southeast-9,byob-icav2/project-name/analysis/oncoanalyser-wgts-dna/502509160d0eecf1/
502509160eec6513,project-data-X1111111111Y-us-southeast-9,byob-icav2/project-name/analysis/oncoanalyser-wgts-dna/502509160eec6513/
5025091611d8aeaf,project-data-X1111111111Y-us-southeast-9,byob-icav2/project-name/analysis/oncoanalyser-wgts-dna/5025091611d8aeaf/
502509161226941f,project-data-X1111111111Y-us-southeast-9,byob-icav2/project-name/analysis/oncoanalyser-wgts-dna/502509161226941f/
5025091612c1cd63,project-data-X1111111111Y-us-southeast-9,byob-icav2/project-name/analysis/oncoanalyser-wgts-dna/5025091612c1cd63/
5025091616186bf0,project-data-X1111111111Y-us-southeast-9,byob-icav2/project-name/analysis/oncoanalyser-wgts-dna/5025091616186bf0/
5025091616ed8e0e,project-data-X1111111111Y-us-southeast-9,byob-icav2/project-name/analysis/oncoanalyser-wgts-dna/5025091616ed8e0e/
50250916189d6678,project-data-X1111111111Y-us-southeast-9,byob-icav2/project-name/analysis/oncoanalyser-wgts-dna/50250916189d6678/
502509161e8d15db,project-data-X1111111111Y-us-southeast-9,byob-icav2/project-name/analysis/oncoanalyser-wgts-dna/502509161e8d15db/
502509161ed2f471,project-data-X1111111111Y-us-southeast-9,byob-icav2/project-name/analysis/oncoanalyser-wgts-dna/502509161ed2f471/
5025091623382794,project-data-X1111111111Y-us-southeast-9,byob-icav2/project-name/analysis/oncoanalyser-wgts-dna/5025091623382794/
50250916289e2508,project-data-X1111111111Y-us-southeast-9,byob-icav2/project-name/analysis/oncoanalyser-wgts-dna/50250916289e2508/
502509162b0dda14,project-data-X1111111111Y-us-southeast-9,byob-icav2/project-name/analysis/oncoanalyser-wgts-dna/502509162b0dda14/
502509162dc5bd0e,project-data-X1111111111Y-us-southeast-9,byob-icav2/project-name/analysis/oncoanalyser-wgts-dna/502509162dc5bd0e/
502509162edca473,project-data-X1111111111Y-us-southeast-9,byob-icav2/project-name/analysis/oncoanalyser-wgts-dna/502509162edca473/
5025091633a2a3cd,project-data-X1111111111Y-us-southeast-9,byob-icav2/project-name/analysis/oncoanalyser-wgts-dna/5025091633a2a3cd/
5025091634f14b5a,project-data-X1111111111Y-us-southeast-9,byob-icav2/project-name/analysis/oncoanalyser-wgts-dna/5025091634f14b5a/
50250916394a6499,project-data-X1111111111Y-us-southeast-9,byob-icav2/project-name/analysis/oncoanalyser-wgts-dna/50250916394a6499/
502509163c648c6e,project-data-X1111111111Y-us-southeast-9,byob-icav2/project-name/analysis/oncoanalyser-wgts-dna/502509163c648c6e/
502509164c45782d,project-data-X1111111111Y-us-southeast-9,byob-icav2/project-name/analysis/oncoanalyser-wgts-dna/502509164c45782d/
502509164faf20ab,project-data-X1111111111Y-us-southeast-9,byob-icav2/project-name/analysis/oncoanalyser-wgts-dna/502509164faf20ab/
5025091656b5de33,project-data-X1111111111Y-us-southeast-9,byob-icav2/project-name/analysis/oncoanalyser-wgts-dna/5025091656b5de33/
5025091659da4ed5,project-data-X1111111111Y-us-southeast-9,byob-icav2/project-name/analysis/oncoanalyser-wgts-dna/5025091659da4ed5/
502509165b445c1d,project-data-X1111111111Y-us-southeast-9,byob-icav2/project-name/analysis/oncoanalyser-wgts-dna/502509165b445c1d/
502509165f284b1f,project-data-X1111111111Y-us-southeast-9,byob-icav2/project-name/analysis/oncoanalyser-wgts-dna/502509165f284b1f/
5025091661010674,project-data-X1111111111Y-us-southeast-9,byob-icav2/project-name/analysis/oncoanalyser-wgts-dna/5025091661010674/
5025091663295d7b,project-data-X1111111111Y-us-southeast-9,byob-icav2/project-name/analysis/oncoanalyser-wgts-dna/5025091663295d7b/
50250916649164c9,project-data-X1111111111Y-us-southeast-9,byob-icav2/project-name/analysis/oncoanalyser-wgts-dna/50250916649164c9/
5025091666ceb7d6,project-data-X1111111111Y-us-southeast-9,byob-icav2/project-name/analysis/oncoanalyser-wgts-dna/5025091666ceb7d6/
5025091667e9feaf,project-data-X1111111111Y-us-southeast-9,byob-icav2/project-name/analysis/oncoanalyser-wgts-dna/5025091667e9feaf/
502509166c6cf3fc,project-data-X1111111111Y-us-southeast-9,byob-icav2/project-name/analysis/oncoanalyser-wgts-dna/502509166c6cf3fc/
502509166f3c1000,project-data-X1111111111Y-us-southeast-9,byob-icav2/project-name/analysis/oncoanalyser-wgts-dna/502509166f3c1000/
50250916740bd482,project-data-X1111111111Y-us-southeast-9,byob-icav2/project-name/analysis/oncoanalyser-wgts-dna/50250916740bd482/
5025091679fb20a2,project-data-X1111111111Y-us-southeast-9,byob-icav2/project-name/analysis/oncoanalyser-wgts-dna/5025091679fb20a2/
502509167e579e4f,project-data-X1111111111Y-us-southeast-9,byob-icav2/project-name/analysis/oncoanalyser-wgts-dna/502509167e579e4f/
5025091682a11ca4,project-data-X1111111111Y-us-southeast-9,byob-icav2/project-name/analysis/oncoanalyser-wgts-dna/5025091682a11ca4/
502509168ab6bd42,project-data-X1111111111Y-us-southeast-9,byob-icav2/project-name/analysis/oncoanalyser-wgts-dna/502509168ab6bd42/
502509169027ef2c,project-data-X1111111111Y-us-southeast-9,byob-icav2/project-name/analysis/oncoanalyser-wgts-dna/502509169027ef2c/
5025091692de8497,project-data-X1111111111Y-us-southeast-9,byob-icav2/project-name/analysis/oncoanalyser-wgts-dna/5025091692de8497/
5025091698797d07,project-data-X1111111111Y-us-southeast-9,byob-icav2/project-name/analysis/oncoanalyser-wgts-dna/5025091698797d07/
50250916a59eb8c9,project-data-X1111111111Y-us-southeast-9,byob-icav2/project-name/analysis/oncoanalyser-wgts-dna/50250916a59eb8c9/
50250916a60b0481,project-data-X1111111111Y-us-southeast-9,byob-icav2/project-name/analysis/oncoanalyser-wgts-dna/50250916a60b0481/
50250916adb49bae,project-data-X1111111111Y-us-southeast-9,byob-icav2/project-name/analysis/oncoanalyser-wgts-dna/50250916adb49bae/
50250916aedbfd7d,project-data-X1111111111Y-us-southeast-9,byob-icav2/project-name/analysis/oncoanalyser-wgts-dna/50250916aedbfd7d/
50250916afe841ff,project-data-X1111111111Y-us-southeast-9,byob-icav2/project-name/analysis/oncoanalyser-wgts-dna/50250916afe841ff/
50250916bd57c30d,project-data-X1111111111Y-us-southeast-9,byob-icav2/project-name/analysis/oncoanalyser-wgts-dna/50250916bd57c30d/
50250916bfa6341e,project-data-X1111111111Y-us-southeast-9,byob-icav2/project-name/analysis/oncoanalyser-wgts-dna/50250916bfa6341e/
50250916c23fe0c9,project-data-X1111111111Y-us-southeast-9,byob-icav2/project-name/analysis/oncoanalyser-wgts-dna/50250916c23fe0c9/
50250916c3388207,project-data-X1111111111Y-us-southeast-9,byob-icav2/project-name/analysis/oncoanalyser-wgts-dna/50250916c3388207/
50250916c99068e8,project-data-X1111111111Y-us-southeast-9,byob-icav2/project-name/analysis/oncoanalyser-wgts-dna/50250916c99068e8/
50250916c9b826df,project-data-X1111111111Y-us-southeast-9,byob-icav2/project-name/analysis/oncoanalyser-wgts-dna/50250916c9b826df/
50250916cc20835c,project-data-X1111111111Y-us-southeast-9,byob-icav2/project-name/analysis/oncoanalyser-wgts-dna/50250916cc20835c/
50250916cdc0713a,project-data-X1111111111Y-us-southeast-9,byob-icav2/project-name/analysis/oncoanalyser-wgts-dna/50250916cdc0713a/
50250916ce7877f2,project-data-X1111111111Y-us-southeast-9,byob-icav2/project-name/analysis/oncoanalyser-wgts-dna/50250916ce7877f2/
50250916cf98e459,project-data-X1111111111Y-us-southeast-9,byob-icav2/project-name/analysis/oncoanalyser-wgts-dna/50250916cf98e459/
50250916d363d611,project-data-X1111111111Y-us-southeast-9,byob-icav2/project-name/analysis/oncoanalyser-wgts-dna/50250916d363d611/
50250916d7ca895f,project-data-X1111111111Y-us-southeast-9,byob-icav2/project-name/analysis/oncoanalyser-wgts-dna/50250916d7ca895f/
50250916dab449e9,project-data-X1111111111Y-us-southeast-9,byob-icav2/project-name/analysis/oncoanalyser-wgts-dna/50250916dab449e9/
50250916edd690e9,project-data-X1111111111Y-us-southeast-9,byob-icav2/project-name/analysis/oncoanalyser-wgts-dna/50250916edd690e9/
50250916f21579fa,project-data-X1111111111Y-us-southeast-9,byob-icav2/project-name/analysis/oncoanalyser-wgts-dna/50250916f21579fa/
50250916f4abd2c7,project-data-X1111111111Y-us-southeast-9,byob-icav2/project-name/analysis/oncoanalyser-wgts-dna/50250916f4abd2c7/
50250916fb56c639,project-data-X1111111111Y-us-southeast-9,byob-icav2/project-name/analysis/oncoanalyser-wgts-dna/50250916fb56c639/
502510150600e2f1,project-data-X1111111111Y-us-southeast-9,byob-icav2/project-name/analysis/oncoanalyser-wgts-dna/502510150600e2f1/
502510156d97f28a,project-data-X1111111111Y-us-southeast-9,byob-icav2/project-name/analysis/oncoanalyser-wgts-dna/502510156d97f28a/
502510159153db0e,project-data-X1111111111Y-us-southeast-9,byob-icav2/project-name/analysis/oncoanalyser-wgts-dna/502510159153db0e/
502511241ff9dedc,project-data-X1111111111Y-us-southeast-9,byob-icav2/project-name/analysis/oncoanalyser-wgts-dna/502511241ff9dedc/
502511248cb43efa,project-data-X1111111111Y-us-southeast-9,byob-icav2/project-name/analysis/oncoanalyser-wgts-dna/502511248cb43efa/
50251209ec473840,project-data-X1111111111Y-us-southeast-9,byob-icav2/project-name/analysis/oncoanalyser-wgts-dna/50251209ec473840/
